id,building,year-sale,month-sale,property-type,property-#,area,price,status,customer-id,entity,name,surname,year,month,day,gender,country,state,purpose,satisfaction-score,mortgage,source
1030,1,2005,11,Apartment,30,743.09,246172.68, Sold ,C0028,Individual,Madalyn,Mercer,1986,6,21,F,USA,California,Home,5,No,Website
1029,1,2005,10,Apartment,29,756.21,246331.9, Sold ,C0027,Individual,Lara,Carrillo,1983,2,24,F,USA,California,Home,5,No,Website
2002,2,2007,7,Apartment,2,587.28,209280.91, Sold ,C0112,Individual,Donavan,Flowers,1985,12,27,M,USA,California,Home,1,Yes,Client
2031,2,2007,12,Apartment,31,1604.75,452667.01, Sold ,C0160,Individual,Darien,Dorsey,1985,12,27,M,USA,California,Investment,3,Yes,Website
1049,1,2004,11,Apartment,49,1375.45,467083.31, Sold ,C0014,Individual,Alessandra,Perry,1979,5,15,F,USA,California,Home,4,No,Agency
3011,3,2007,9,Apartment,11,675.19,203491.85, Sold ,C0125,Individual,Kaitlin,Owen,1981,12,26,F,USA,Virginia,Investment,5,No,Client
3026,3,2007,9,Apartment,26,670.89,212520.83, Sold ,C0125,Individual,Kaitlin,Owen,1981,12,26,F,USA,Virginia,Investment,5,No,Agency
3023,3,2008,1,Apartment,23,720.81,198591.85, Sold ,C0166,Individual,Terry,Forbes,1982,5,27,M,USA,California,Home,5,No,Client
1031,1,2006,6,Apartment,31,782.25,265467.68, Sold ,C0034,Individual,Kole,Shannon,1979,6,27,M,USA,Arizona,Home,2,Yes,Website
4023,4,2006,3,Apartment,23,794.52,235633.26, Sold ,C0170,Individual,Emmy,Singh,1979,12,3,F,USA,Virginia,Investment,3,Yes,Agency
1036,1,2004,10,Apartment,36,1160.36,317473.86, Sold ,C0009,Individual,Arabella,Ferrell,1976,8,17,F,USA,Oregon,Home,1,No,Agency
1046,1,2006,8,Apartment,46,1942.5,503790.23, Sold ,C0041,Individual,Christian,Costa,1980,9,14,M,USA,California,Home,5,No,Website
4035,4,2007,10,Apartment,35,794.52,217786.38, Sold ,C0057,Individual,Michelle,Cameron,1978,6,4,F,USA,Nevada,Home,3,Yes,Website
2036,2,2006,11,Apartment,36,1109.25,460001.26, Sold ,C0061,Individual,Enrique,Cardenas,1977,6,10,M,USA,California,Home,2,No,Website
2056,2,2007,4,Apartment,56,1400.95,460001.26, Sold ,C0089,Individual,Amanda,Simon,1978,12,3,F,USA,California,Home,5,No,Agency
1047,1,2007,12,Apartment,47,1479.72,448134.27, Sold ,C0159,Individual,Kamden,Stewart,1978,9,14,M,USA,California,Home,5,No,Website
5051,5,2006,3,Apartment,51,790.54,249591.99, Sold ,C0171,Individual,Skylar,Buchanan,1977,12,25,M,USA,Nevada,Home,4,Yes,Website
2007,2,2006,8,Apartment,7,723.93,196142.19, Sold ,C0042,Individual,Michael,Juarez,1976,12,25,M,USA,Colorado,Home,4,Yes,Agency
3020,3,2007,4,Apartment,20,781.07,258572.48, Sold ,C0093,Individual,Antonio,Porter,1977,1,8,M,USA,Arizona,Home,5,No,Client
3029,3,2007,4,Apartment,29,1127.76,310831.21, Sold ,C0093,Individual,Antonio,Porter,1977,1,8,M,USA,Arizona,Home,3,No,Client
3015,3,2006,10,Apartment,15,720.7,207281.59, Sold ,C0051,Individual,Conner,Huff,1975,3,22,M,USA,Nevada,Home,5,No,Website
2004,2,2006,12,Apartment,4,649.69,168834.04, Sold ,C0064,Individual,Joaquin,Mullins,1975,10,5,M,USA,California,Investment,5,No,Agency
2006,2,2006,12,Apartment,6,1307.45,396973.83, Sold ,C0064,Individual,Joaquin,Mullins,1975,10,5,M,USA,California,Investment,5,No,Agency
5013,5,2007,9,Apartment,13,618.38,188743.11, Sold ,C0128,Individual,Kyla,Walker,1976,2,26,F,USA,Colorado,Home,4,Yes,Agency
1026,1,2005,3,Apartment,26,625.8,179674.08, Sold ,C0019,Individual,Victor,Jensen,1973,9,1,M,USA,California,Home,4,No,Website
2054,2,2006,6,Apartment,54,1203.29,306363.64, Sold ,C0037,Individual,Tyler,Carr,1974,3,27,M,USA,California,Home,5,Yes,Client
3033,3,2007,9,Apartment,33,670.89,200300.63, Sold ,C0127,Individual,Maia,Chandler,1975,8,12,F,USA,Utah,Home,1,Yes,Website
1025,1,2005,3,Apartment,25,1434.09,382041.13, Sold ,C0018,Individual,Rodrigo,Ramirez,1972,3,26,M,USA,California,Home,1,No,Agency
3027,3,2006,8,Apartment,27,781.07,245572.79, Sold ,C0040,Individual,Gianni,Fritz,1973,9,15,M,USA,California,Home,3,No,Website
3031,3,2007,3,Apartment,31,1596.35,407214.29, Sold ,C0080,Individual,Janelle,Espinoza,1974,12,25,F,USA,California,Investment,4,No,Client
2043,2,2007,4,Apartment,43,1110.32,355073.4, Sold ,C0083,Individual,Julio,Leonard,1974,7,18,M,USA,Nevada,Home,2,Yes,Website
3034,3,2007,4,Apartment,34,781.07,256821.64, Sold ,C0085,Individual,Melanie,Holland,1974,12,25,F,USA,California,Investment,3,No,Client
3016,3,2007,4,Apartment,16,697.89,226342.8, Sold ,C0091,Individual,Gordon,Brown,1974,2,10,M,UK,Arizona,Investment,4,No,Agency
1018,1,2004,10,Apartment,18,625.8,191389.87, Sold ,C0007,Individual,Jaelyn,Berger,1970,5,5,F,USA,California,Home,3,No,Website
2050,2,2006,9,Apartment,50,957.53,297008.97, Sold ,C0048,Individual,Adriana,Shaffer,1972,7,11,F,USA,California,Investment,2,No,Agency
2044,2,2007,1,Apartment,44,722.96,250773.15, Sold ,C0065,Individual,Mara,Franco,1973,6,7,F,USA,California,Home,5,Yes,Agency
3039,3,2007,5,Apartment,39,923.21,312211.14, Sold ,C0096,Individual,Kael,Hurley,1973,12,15,M,USA,Colorado,Home,3,No,Website
3053,3,2007,12,Apartment,53,670.24,190119.5, Sold ,C0164,Individual,Belinda,Hogan,1973,8,18,F,USA,California,Home,1,Yes,Agency
2041,2,2006,7,Apartment,41,785.48,225050.52, Sold ,C0038,Individual,Mohammad,Irwin,1971,12,2,M,USA,California,Home,1,No,Website
5035,5,2008,5,Apartment,35,798.28,261742.74, Sold ,C0087,Individual,Warren,Pugh,1973,7,17,M,USA,Arizona,Investment,5,No,Website
4005,4,2007,11,Apartment,5,1121.95,344530.89, Sold ,C0142,Individual,Kassidy,Vega,1972,5,7,F,USA ,California,Home,5,No,Website
1032,1,2005,1,Apartment,32,782.25,215410.28, Sold ,C0015,Individual,Lauryn,Patrick,1969,10,30,F,Belgium,,Home,2,No,Agency
3046,3,2007,8,Apartment,46,923.21,252185.99, Sold ,C0122,Individual,Brock,Fischer,1971,5,29,M,USA,Kansas,Home,3,No,Website
1041,1,2005,3,Apartment,41,1434.09,480545.81, Sold ,C0017,Individual,Memphis,Mcconnell,1968,8,25,M,USA,California,Home,2,Yes,Website
1012,1,2005,3,Apartment,12,1160.36,300385.62, Sold ,C0020,Individual,Grant,Weber,1968,9,8,M,USA,California,Home,5,Yes,Website
5033,5,2008,5,Apartment,33,798.28,240539.35, Sold ,C0086,Individual,Jace,Riggs,1971,8,20,F,USA,California,Home,1,No,Website
4006,4,2006,7,Apartment,6,733.19,222138.72, Sold ,C0150,Individual,Emmett,Estes,1969,6,5,M,USA ,California,Home,3,No,Website
5040,5,2007,12,Apartment,40,798.28,228410.05, Sold ,C0156,Individual,Isis,Rios,1970,4,1,M,USA,California,Investment,4,No,Website
4013,4,2007,1,Apartment,13,733.19,197053.51, Sold ,C0169,Individual,Mason,Gilbert,1970,7,31,M,USA,Colorado,Home,2,No,Agency
1003,1,2005,6,Office,3,717.05,193660.62, Sold ,C0022,Individual,Zain,Horne,1967,4,13,M,USA,Arizona,Home,1,Yes,Website
2009,2,2007,3,Apartment,9,747.5,237060.15, Sold ,C0072,Individual,Dayton,Hatfield,1969,4,19,M,USA,Colorado,Investment,4,Yes,Agency
4024,4,2007,11,Apartment,24,1121.95,372001.7, Sold ,C0136,Individual,Annabel,Robles,1969,10,14,F,USA,California,Home,5,Yes,Website
4012,4,2007,11,Apartment,12,1121.95,290031.26, Sold ,C0149,Individual,Kayden,Olsen,1969,10,17,F,USA,California,Home,5,No,Website
1035,1,2004,10,Apartment,35,827.87,238811.06, Sold ,C0011,Individual,Davion,Stout,1965,7,20,M,USA,Nevada,Home,1,Yes,Agency
2017,2,2007,3,Apartment,17,747.5,199054.2, Sold ,C0073,Individual,Kevin,Mata,1968,10,12,M,USA,Colorado,Investment,2,No,Agency
4051,4,2007,3,Apartment,51,1608.84,496266.41, Sold ,C0110,Individual,Kareem,Liu,1968,5,11,F,USA,California,Home,4,Yes,Website
3014,3,2007,7,Apartment,14,1132.06,346906.89, Sold ,C0111,Individual,Grace,Stein,1968,12,20,F,USA,California,Home,3,Yes,Website
2051,2,2007,9,Apartment,51,1383.84,376964.62, Sold ,C0123,Individual,Lydia,Tate,1968,8,14,F,USA,California,Home,3,Yes,Website
2025,2,2007,2,Apartment,25,927.83,315733.15, Sold ,C0070,Individual,Aleksandra,Karenina,1967,6,13,F,Russia,,Home,1,No,Agency
3047,3,2007,3,Apartment,47,669.16,188273.73, Sold ,C0075,Individual,Sincere,Hansen,1967,1,19,F,USA,California,Investment,2,Yes,Agency
2046,2,2007,3,Apartment,46,928.16,253831.02, Sold ,C0076,Individual,Luke,Lynn,1967,2,7,M,USA,California,Home,2,Yes,Agency
5016,5,2007,6,Apartment,16,798.5,278575.87, Sold ,C0105,Individual,Myla,Ewing,1967,2,3,F,USA,Oregon,Investment,2,No,Client
4041,4,2007,10,Apartment,41,1305.62,402081.8, Sold ,C0135,Individual,Morgan,Glass,1967,5,12,M,USA,Utah,Home,5,No,Agency
4018,4,2007,11,Apartment,18,1121.95,310832.59, Sold ,C0153,Individual,Camille,Sharp,1967,10,17,F,USA,California,Home,5,No,Website
2005,2,2006,9,Apartment,5,785.48,257183.48, Sold ,C0047,Individual,Alejandra,Greer,1965,1,11,F,Denmark,,Investment,1,No,Agency
2010,2,2006,11,Apartment,10,927.08,326885.34, Sold ,C0060,Individual,Valentina,Simpson,1965,1,24,F,USA,California,Home,4,Yes,Agency
2022,2,2007,1,Apartment,22,1109.25,344568.74, Sold ,C0066,Individual,Helen,Williamson,1966,2,26,F,USA,Colorado,Home,5,Yes,Agency
2047,2,2007,2,Apartment,47,649.8,214631.68, Sold ,C0068,Individual,Nicolas,Navarro,1966,6,17,M,USA,Oregon,Investment,3,No,Agency
2012,2,2007,4,Apartment,12,785.48,237207.68, Sold ,C0090,Individual,Case,Sanchez,1966,5,26,F,USA,California,Home,5,No,Website
3038,3,2007,5,Apartment,38,1596.35,464549.19, Sold ,C0095,Individual,Rodrigo,Robinson,1966,8,11,M,USA,California,Home,4,No,Website
4030,4,2007,11,Apartment,30,1121.95,310577.04, Sold ,C0151,Individual,Iris,Larsen,1966,9,14,M,USA,California,Home,4,Yes,Agency
3017,3,2007,12,Apartment,17,743.41,205098.21, Sold ,C0162,Individual,Araceli,Nelson,1966,9,14,M,Germany,California,Investment,5,No,Agency
1045,1,2004,10,Apartment,45,756.21,248525.12, Sold ,C0010,Individual,Trystan,Oconnor,1962,11,26,M,USA,California,Home,1,No,Website
2040,2,2006,10,Apartment,40,649.8,224463.87, Sold ,C0054,Individual,Erik,Mora,1964,12,7,M,USA,Oregon,Investment,5,No,Agency
2042,2,2006,11,Apartment,42,785.48,220606.28, Sold ,C0056,Individual,Emely,Watts,1964,11,30,F,USA,California,Home,4,No,Website
2048,2,2007,3,Apartment,48,785.48,220865, Sold ,C0081,Individual,Jordyn,Park,1965,4,4,M,USA,Nevada,Investment,3,Yes,Website
3049,3,2007,4,Apartment,49,1283.45,338181.18, Sold ,C0084,Individual,Diego,Mendez,1965,5,12,M,Mexico,,Home,3,No,Agency
1017,1,2005,2,Apartment,17,1434.09,432679.91, Sold ,C0016,Individual,Harley,Lucero,1962,8,10,M,USA,California,Home,1,Yes,Website
1039,1,2006,6,Apartment,39,782.25,196220.05, Sold ,C0035,Individual,Emilie,Morrison,1957,10,29,F,USA,California,Home,3,Yes,Website
2049,2,2006,11,Apartment,49,1288.62,323915.81, Sold ,C0062,Individual,Jaylen,Turner,1963,7,15,F,USA,California,Home,4,No,Agency
3054,3,2007,5,Apartment,54,781.07,200719.02, Sold ,C0099,Individual,Frank,Meyer,1964,3,16,M,USA,California,Home,2,No,Agency
3055,3,2007,5,Apartment,55,1222.34,380809.52, Sold ,C0099,Individual,Frank,Meyer,1964,3,16,M,USA,California,Home,3,Yes,Agency
3042,3,2007,7,Apartment,42,781.07,213942.56, Sold ,C0114,Individual,Jakobe,Bailey,1964,10,6,M,UK,California,Investment,4,No,Agency
1038,1,2004,8,Apartment,38,743.09,207581.43, Sold ,C0006,Individual,Laci,Guerra,1956,6,17,F,USA,California,Home,2,Yes,Website
2020,2,2006,10,Apartment,20,785.48,241671.52, Sold ,C0053,Individual,Scarlet,Hendricks,1962,1,20,F,USA,California,Home,5,Yes,Website
2014,2,2007,2,Apartment,14,1109.25,336695.25, Sold ,C0069,Individual,Alonso,Terrell,1963,11,5,M,USA,California,Investment,4,No,Website
3001,3,2007,8,Apartment,1,579.75,171262.65, Sold ,C0069,Individual,Alonso,Terrell,1963,11,5,M,USA,California,Investment,5,No,Website
3043,3,2007,11,Apartment,43,1128.4,299159.14, Sold ,C0069,Individual,Alonso,Terrell,1963,11,5,M,USA,California,Home,5,No,Website
2016,2,2007,3,Apartment,16,701.66,212265.67, Sold ,C0077,Individual,Hazel,Ayers,1963,2,1,M,USA,Colorado,Home,2,No,Website
4049,4,2008,1,Apartment,49,1336.93,388515.14, Sold ,C0168,Individual,Brisa,Mckee,1964,9,24,F,USA,California,Home,5,No,Client
4022,4,2007,8,Apartment,22,794.52,263790.81, Sold ,C0058,Individual,Johanna,Fisher,1962,8,25,F,USA,California,Home,4,Yes,Website
3059,3,2007,6,Apartment,59,1171.55,367976.46, Sold ,C0107,Individual,Curtis,Howard,1962,9,11,M,USA,California,Home,2,No,Agency
4034,4,2007,10,Apartment,34,794.52,243052.59, Sold ,C0131,Individual,Kamila,Collier,1962,1,21,F,USA,California,Home,1,Yes,Website
5027,5,2007,11,Apartment,27,798.28,269075.3, Sold ,C0144,Individual,Joseph,Reeves,1962,9,23,M,USA,California,Investment,5,No,Website
5028,5,2007,11,Apartment,28,798.28,223577.32, Sold ,C0144,Individual,Joseph,Reeves,1962,9,23,M,USA,California,Investment,5,No,Website
2026,2,2006,9,Apartment,26,649.8,198075.99, Sold ,C0048,Individual,Adriana,Shaffer,1959,9,28,F,USA,Utah,Investment,1,No,Client
3022,3,2007,5,Apartment,22,1137.44,354553.23, Sold ,C0098,Individual,Oswaldo,Palmer,1960,6,16,M,USA,California,Home,2,No,Website
2024,2,2005,6,Apartment,24,1604.75,456919.46, Sold ,C0130,Individual,Ezra,Lozano,1958,2,24,M,USA,California,Home,1,No,Website
3003,3,2007,11,Apartment,3,675.19,233142.8, Sold ,C0141,Individual,Melany,Glover,1960,10,1,F,USA,California,Investment,1,Yes,Agency
2011,2,2007,1,Apartment,11,649.69,225401.62, Sold ,C0067,Individual,Jacqueline,Grant,1959,11,13,F,USA,California,Home,4,No,Website
2028,2,2007,4,Apartment,28,785.48,195153.16, Sold ,C0082,Individual,Violet,Nixon,1959,1,1,F,USA,Oregon,Investment,5,No,Client
3028,3,2007,7,Apartment,28,781.07,206631.81, Sold ,C0113,Individual,Anya,Stephenson,1959,6,11,F,USA,California,Home,4,No,Website
3036,3,2007,10,Apartment,36,1127.76,358525.59, Sold ,C0132,Individual,Kale,Gay,1959,4,7,M,USA,California,Home,4,Yes,Agency
4010,4,2007,11,Apartment,10,794.52,223917.34, Sold ,C0137,Individual,Russell,Gross,1959,11,25,M,USA,California,Home,5,No,Website
4011,4,2007,11,Apartment,11,794.52,201518.89, Sold ,C0137,Individual,Russell,Gross,1959,11,25,M,USA,California,Home,5,No,Website
3035,3,2007,12,Apartment,35,781.07,269278.57, Sold ,C0155,Individual,Laurel,Benitez,1959,8,6,M,USA,California,Home,4,Yes,Agency
3037,3,2007,12,Apartment,37,720.81,204808.16, Sold ,C0163,Individual,Aniyah,Ali,1959,11,3,F,USA,California,Investment,2,Yes,Website
2032,2,2006,8,Apartment,32,927.83,306878.46, Sold ,C0039,Individual,Derick,Li,1957,3,20,M,USA,California,Home,3,Yes,Agency
2018,2,2007,2,Apartment,18,927.83,275394.25, Sold ,C0071,Individual,Cole,Taylor,1958,12,6,M,USA,California,Home,3,Yes,Website
2035,2,2007,5,Apartment,35,785.48,192092.24, Sold ,C0101,Individual,Ava,Phelps,1958,4,15,F,USA,California,Home,3,No,Client
5025,5,2008,12,Apartment,25,618.16,165430.28, Sold ,C0146,Individual,Nyla,Blake,1959,6,5,F,USA,California,Investment,5,Yes,Agency
2029,2,2006,9,Apartment,29,1109.25,310223.29, Sold ,C0051,Individual,Conner,Huff,1956,3,13,M,USA,California,Home,5,No,Website
3007,3,2006,10,Apartment,7,720.7,231552.33, Sold ,C0052,Individual,Tristian,Fuller,1956,3,13,M,USA,California,Investment,5,No,Agency
3030,3,2006,10,Apartment,30,720.81,215774.28, Sold ,C0052,Individual,Tristian,Fuller,1956,3,13,M,USA,California,Home,5,No,Agency
2003,2,2006,12,Apartment,3,927.08,289727.99, Sold ,C0063,Individual,Piotr,Aleksandrov,1955,12,2,M,Russia,,Investment,3,No,Agency
5039,5,2008,5,Apartment,39,798.28,195874.94, Sold ,C0088,Individual,Yurem,Wright,1957,3,6,M,USA,California,Home,3,Yes,Website
5030,5,2010,5,Apartment,30,1057.92,357538.2, Sold ,C0094,Individual,Luis,Crane,1959,4,20,M,USA,Nevada,Home,3,Yes,Website
3041,3,2008,1,Apartment,41,781.07,239248.75, Sold ,C0165,Individual,Anahi,Curry,1957,9,9,M,USA,California,Home,5,Yes,Client
2057,2,2006,9,Apartment,57,1396.86,382277.15, Sold ,C0044,Individual,Ramiro,Oneill,1954,9,29,M,USA ,California,Home,4,No,Agency
4028,4,2007,2,Apartment,28,794.52,248422.66, Sold ,C0157,Individual,Erika,Steward,1955,8,7,F,USA,California,Investment,4,No,Website
3032,3,2007,8,Apartment,32,923.21,242740.66, Sold ,C0118,Individual,Dangelo,Shea,1954,2,27,M,Belgium,Arizona,Investment,4,No,Website
3013,3,2007,8,Apartment,13,781.07,253025.78, Sold ,C0119,Individual,Miguel,Walter,1954,1,7,M,USA,Arizona,Home,4,No,Agency
1040,1,2006,4,Apartment,40,782.25,234172.39, Sold ,C0033,Individual,Alanna,Hess,1952,6,19,F,USA,Nevada,Home,3,No,Website
4031,4,2007,6,Apartment,31,733.19,200678.75, Sold ,C0100,Individual,Simon,Bennett,1953,6,9,M,USA,Colorado,Home,4,No,Website
4019,4,2007,12,Apartment,19,733.19,226578.51, Sold ,C0133,Individual,Ivan,Bright,1953,9,15,M,USA,California,Home,4,No,Website
4029,4,2007,11,Apartment,29,794.52,200148.89, Sold ,C0175,Individual,Madeline,Michael,1953,7,30,F,USA,California,Home,4,Yes,Website
1021,1,2004,10,Apartment,21,756.21,218585.92, Sold ,C0008,Individual,Arthur,Bray,1949,7,14,M,USA,Utah,Investment,4,No,Agency
1006,1,2005,8,Apartment,6,736.63,198841.7, Sold ,C0023,Individual,Bennett,Chen,1950,7,18,M,USA,Nevada,Home,2,No,Website
2034,2,2007,7,Apartment,34,785.48,252927.84, Sold ,C0108,Individual,Van,Charles,1952,5,15,M,USA,Colorado,Home,2,Yes,Client
3021,3,2007,7,Apartment,21,781.07,225290.22, Sold ,C0109,Individual,Rachel,Cross,1952,6,18,F,USA,California,Home,3,No,Website
5021,5,2008,12,Apartment,21,798.28,234750.59, Sold ,C0145,Individual,Augustus,Hinton,1953,2,3,M,USA,Nevada,Investment,2,No,Website
5022,5,2008,12,Apartment,22,798.28,287466.41, Sold ,C0145,Individual,Augustus,Hinton,1953,2,3,M,USA,Nevada,Investment,2,No,Website
1044,1,2004,6,Apartment,44,827.87,229464.71, Sold ,C0003,Individual,Avah,Huang,1948,4,23,F,USA,California,Home,5,No,Website
1043,1,2004,6,Apartment,43,1160.36,377313.56, Sold ,C0004,Individual,Nora,Lynch,1948,4,23,F,USA,California,Home,5,No,Website
1027,1,2005,8,Apartment,27,827.87,276759.18, Sold ,C0024,Individual,Irvin,Ellis,1949,11,14,M,USA,California,Home,3,No,Agency
2023,2,2005,12,Apartment,23,723.83,219373.41, Sold ,C0030,Individual,Aiyana,Christensen,1949,1,16,F,USA,California,Investment,3,No,Website
5046,5,2007,11,Apartment,46,798.28,230216.22, Sold ,C0147,Individual,Parker,Poole,1951,11,10,M,USA,California,Home,5,No,Website
1002,1,2004,3,Office,2,1238.58,410932.67, Sold ,C0002,Individual,Jack,Anderson,1947,2,13,M,USA,California,Investment,5,Yes,Website
2030,2,2005,12,Apartment,30,723.83,214341.34, Sold ,C0031,Individual,Cedric,Goodwin,1948,2,20,M,USA,Utah,Home,4,No,Client
3050,3,2006,11,Apartment,50,977.87,248274.31, Sold ,C0059,Individual,Elena,Petrova,1949,6,22,F,Russia,,Home,3,Yes,Agency
5050,5,2007,11,Apartment,50,1093,390494.27, Sold ,C0140,Individual,Aniya,Miller,1950,15,2,F,USA,Nevada,Home,3,No,Website
2039,2,2006,8,Apartment,39,927.83,293876.27, Sold ,C0043,Individual,Kayley,Nielsen,1947,4,27,F,USA,Arizona,Home,4,Yes,Website
2008,2,2007,3,Apartment,8,701.66,204286.67, Sold ,C0078,Individual,Zaiden,Merritt,1948,2,23,M,USA,Wyoming,Home,3,No,Agency
3019,3,2007,9,Apartment,19,680.57,230154.53, Sold ,C0124,Individual,Sonia,Choi,1948,11,9,F,USA,Oregon,Investment,5,No,Agency
2015,2,2006,9,Apartment,15,723.93,228170.03, Sold ,C0049,Individual,Trey,Strong,1958,12,20,M,USA,California,Home,4,No,Agency
2033,2,2006,9,Apartment,33,649.8,205085.4, Sold ,C0049,Individual,Trey,Strong,1958,12,20,M,USA,California,Home,3,No,Agency
2019,2,2007,3,Apartment,19,649.8,177555.06, Sold ,C0079,Individual,Xavier,Faulkner,1947,5,24,M,Canada,,Investment,5,No,Website
2021,2,2007,4,Apartment,21,785.48,217748.48, Sold ,C0079,Individual,Xavier,Faulkner,1947,5,24,M,Canada,,Investment,5,No,Website
2027,2,2007,4,Apartment,27,785.48,247739.44, Sold ,C0079,Individual,Xavier,Faulkner,1947,5,24,M,Canada,,Investment,5,No,Website
2052,2,2007,3,Apartment,52,1615.29,484458.03, Sold ,C0079,Individual,Xavier,Faulkner,1947,5,24,M,Canada,,Investment,5,No,Website
3006,3,2007,2,Apartment,6,1132.06,356506.37, Sold ,C0079,Individual,Xavier,Faulkner,1947,5,24,M,Canada,,Investment,5,No,Website
3044,3,2007,3,Apartment,44,720.38,197869.36, Sold ,C0079,Individual,Xavier,Faulkner,1947,5,24,M,Canada,,Investment,5,No,Website
4025,4,2007,12,Apartment,25,733.19,236608.95, Sold ,C0079,Individual,Xavier,Faulkner,1947,5,24,M,Canada,,Investment,5,No,Website
1015,1,2004,11,Apartment,15,782.25,208930.81, Sold ,C0013,Individual,Franklin,Mack,1943,6,18,M,USA,Virginia,Home,5,Yes,Website
5041,5,2007,11,Apartment,41,798.28,263123.42, Sold ,C0139,Individual,Logan,Simmons,1946,9,14,M,USA,California,Investment,4,No,Agency
5036,5,2007,11,Apartment,36,1057.92,286433.57, Sold ,C0154,Individual,Sidney,Cline,1943,7,24,F,USA,California,Home,4,Yes,Website
2037,2,2006,9,Apartment,37,723.83,229581.78, Sold ,C0045,Individual,Matilda,Madden,1941,3,3,F,USA,Colorado,Home,3,No,Agency
5034,5,2007,10,Apartment,34,798.28,252053.03, Sold ,C0134,Individual,Yesenia,Marquez,1942,7,23,F,USA,Arizona,Home,4,No,Website
4016,4,2007,11,Apartment,16,794.52,244820.67, Sold ,C0138,Individual,Colin,Campos,1942,4,14,M,USA,California,Home,3,No,Website
4040,4,2007,12,Apartment,40,794.52,241620.48, Sold ,C0158,Individual,Erika,Gallagher,1942,7,19,F,USA,California,Home,1,Yes,Website
1024,1,2006,6,Apartment,24,782.25,235762.34, Sold ,C0036,Individual,Jair,Johns,1940,3,5,M,USA,California,Home,5,No,Website
2013,2,2007,3,Apartment,13,785.48,236639.56, Sold ,C0074,Individual,Jaylynn,Hickman,1941,8,19,F,USA,California,Home,5,No,Client
3010,3,2007,8,Apartment,10,923.21,294807.65, Sold ,C0120,Individual,Jack,Hanson,1941,12,1,M,USA,California,Investment,4,No,Website
3018,3,2007,8,Apartment,18,923.21,293828.69, Sold ,C0120,Individual,Jack,Hanson,1941,12,1,M,USA,California,Investment,5,No,Website
1033,1,2004,8,Apartment,33,1434.09,412856.56, Sold ,C0005,Individual,Rodolfo,Gibson,1937,1,20,M,USA,Nevada,Home,2,Yes,Website
1016,1,2006,2,Apartment,16,782.25,224076.84, Sold ,C0032,Individual,Olivia,Oconnell,1939,9,3,F,USA,California,Investment,5,No,Website
3005,3,2006,3,Apartment,5,781.07,258015.61, Sold ,C0126,Individual,Crystal,Wyatt,1939,6,30,F,USA,Oregon,Investment,3,Yes,Website
5019,5,2007,6,Apartment,19,618.38,153466.71, Sold ,C0106,Individual,Ruben,Melton,1939,3,5,M,USA,Utah,Investment,2,No,Agency
3002,3,2007,8,Apartment,2,923.21,261871.7, Sold ,C0115,Individual,Issac,Edwards,1938,10,29,M,USA,California,Home,5,No,Website
3004,3,2007,8,Apartment,4,781.07,210038.7, Sold ,C0115,Individual,Issac,Edwards,1938,10,29,M,USA,California,Home,5,No,Website
3012,3,2007,10,Apartment,12,781.07,210824.06, Sold ,C0129,Individual,Jesus,Obrien,1938,6,9,M,USA,Oregon,Investment,3,No,Website
3048,3,2007,10,Apartment,48,781.07,249075.66, Sold ,C0129,Individual,Jesus,Obrien,1938,6,9,M,USA,Oregon,Investment,3,No,Website
3008,3,2007,6,Apartment,8,697.89,219865.76, Sold ,C0103,Individual,Jamal,Mueller,1936,8,13,M,USA,Oregon,Investment,2,No,Website
3040,3,2007,6,Apartment,40,670.89,204292.49, Sold ,C0103,Individual,Jamal,Mueller,1936,8,13,M,USA,Oregon,Investment,2,No,Website
1023,1,2005,4,Apartment,23,782.25,261579.89, Sold ,C0021,Individual,Kaylin,Villarreal,1932,6,13,F,Russia,,Investment,3,No,Website
3009,3,2006,5,Apartment,9,743.41,222867.42, Sold ,C0148,Individual,Myah,Roman,1933,5,5,F,USA,California,Investment,5,Yes,Agency
3052,3,2006,3,Apartment,52,923.21,291494.36, Sold ,C0172,Individual,Henry,Kennedy,1933,6,8,M,USA,California,Home,4,Yes,Agency
3025,3,2007,6,Apartment,25,923.21,296483.14, Sold ,C0104,Individual,Diana,Hunt,1931,2,13,F,USA,Arizona,Home,3,No,Website
5052,5,,,Apartment,52,1769.48,532877.38,,,,,,,,,,,,,,,
1005,1,2004,3,Office,5,410.71,117564.07, Sold ,C0001,Firm,Kamd,Co,N/A,,,N/A,USA,California,Investment,5,No,Agency
1009,1,2004,11,Office,9,1200.82,317196.4, Sold ,C0012,Firm,Bridger CAL,Co,N/A,,,N/A,USA,Nevada,Investment,5,No,Website
1009,1,2004,11,Office,10,800.96,264142.16, Sold ,C0012,Firm,Bridger CAL,Co,N/A,,,N/A,USA,Nevada,Investment,4,No,Website
1011,1,2005,9,Office,11,827.87,222947.21, Sold ,C0025,Firm,Abdiel,Co,N/A,,,N/A,USA,Nevada,Investment,5,Yes,Website
1007,1,2005,12,Apartment,7,775.69,250312.53, Sold ,C0029,Firm,Kenyon,Co,N/A,,,N/A,USA,Nevada,Investment,1,Yes,Website
1008,1,2005,12,Office,8,775.69,246050.4, Sold ,C0029,Firm,Kenyon,Co,N/A,,,N/A,USA,California,Investment,1,Yes,Website
2038,2,2006,10,Apartment,38,1604.75,529317.28, Sold ,C0055,Firm,Kylax,Co,N/A,,,N/A,USA,California,Investment,5,No,Website
2001,2,2004,3,Apartment,1,587.28,169158.29, Sold ,C0121,Firm,Esther,Co,N/A,,,N/A,USA,California,Home,3,Yes,Website
1013,1,2005,7,Apartment,13,756.21,206958.71, Sold ,C0174,Firm,Marleez,Co,N/A,,,N/A,USA ,California,Investment,5,No,Website
1014,1,2005,7,Apartment,14,743.09,206445.42, Sold ,C0174,Firm,Marleez,Co,N/A,,,N/A,USA ,California,Investment,5,No,Website
1019,1,2005,7,Apartment,19,827.87,239341.58, Sold ,C0174,Firm,Marleez,Co,N/A,,,N/A,USA ,California,Investment,5,No,Website
1020,1,2005,7,Apartment,20,1160.36,398903.42, Sold ,C0174,Firm,Marleez,Co,N/A,,,N/A,USA ,California,Investment,5,No,Website
1022,1,2005,7,Apartment,22,743.09,210745.17, Sold ,C0174,Firm,Marleez,Co,N/A,,,N/A,USA ,California,Investment,5,No,Website
1028,1,2005,7,Apartment,28,1160.36,331154.88, Sold ,C0174,Firm,Marleez,Co,N/A,,,N/A,USA ,California,Investment,5,No,Website
1034,1,2005,7,Apartment,34,625.8,204434.68, Sold ,C0174,Firm,Marleez,Co,N/A,,,N/A,USA ,California,Investment,5,No,Website
1037,1,2005,7,Apartment,37,756.21,189194.31, Sold ,C0174,Firm,Marleez,Co,N/A,,,N/A,USA ,California,Investment,5,No,Website
1042,1,2005,7,Apartment,42,625.8,204027.09, Sold ,C0174,Firm,Marleez,Co,N/A,,,N/A,USA ,California,Investment,5,No,Website
1002,1,,,Apartment,2,1238.58,400865.92,,,,,,,,,,,,,,,
1003,1,,,Office,3,713.71,217787.71,,,,,,,,,,,,,,,
1008,1,,,Apartment,8,763.21,219630.9,,,,,,,,,,,,,,,
1019,1,,,Apartment,19,798.5,244624.87,,,,,,,,,,,,,,,
1042,1,,,Apartment,42,618.38,163162.88,,,,,,,,,,,,,,,
1047,1,,,Apartment,47,1479.72,401302.82,,,,,,,,,,,,,,,
2045,2,,,Apartment,45,1603.99,538271.74,,,,,,,,,,,,,,,
2052,2,,,Apartment,52,1615.29,461464.99,,,,,,,,,,,,,,,
2053,2,,,Apartment,53,784.19,275812.49,,,,,,,,,,,,,,,
3007,3,,,Apartment,7,720.38,216552.71,,,,,,,,,,,,,,,
3024,3,,,Apartment,24,1596.35,495570.44,,,,,,,,,,,,,,,
3029,3,,,Apartment,29,1121.95,388656.81,,,,,,,,,,,,,,,
3031,3,,,Apartment,31,1596.35,495024.09,,,,,,,,,,,,,,,
3038,3,,,Apartment,38,1596.35,526947.16,,,,,,,,,,,,,,,
3049,3,,,Apartment,49,1273.88,427236.1,,,,,,,,,,,,,,,
3050,3,,,Apartment,50,966.57,327044.37,,,,,,,,,,,,,,,
3051,3,,,Apartment,51,1357.16,385447.69,,,,,,,,,,,,,,,
3056,3,,,Apartment,56,1343.39,401894.82,,,,,,,,,,,,,,,
3058,3,,,Apartment,58,758.69,264275.78,,,,,,,,,,,,,,,
4002,4,,,Apartment,2,789.25,231348.93,,,,,,,,,,,,,,,
4009,4,,,Apartment,9,789.25,264238.95,,,,,,,,,,,,,,,
4013,4,,,Apartment,13,733.19,217357.63,,,,,,,,,,,,,,,
4014,4,,,Apartment,14,1611.85,482404.31,,,,,,,,,,,,,,,
4015,4,,,Apartment,15,789.25,228937.9,,,,,,,,,,,,,,,
4020,4,,,Apartment,20,1611.85,498994.03,,,,,,,,,,,,,,,
4021,4,,,Apartment,21,789.25,256376.28,,,,,,,,,,,,,,,
4023,4,,,Apartment,23,794.52,255243.11,,,,,,,,,,,,,,,
4026,4,,,Apartment,26,1611.85,506786.66,,,,,,,,,,,,,,,
4027,4,,,Apartment,27,789.25,233172.49,,,,,,,,,,,,,,,
4029,4,,,Apartment,29,794.52,233834,,,,,,,,,,,,,,,
4032,4,,,Apartment,32,1611.85,523373.45,,,,,,,,,,,,,,,
4033,4,,,Apartment,33,789.25,228872.91,,,,,,,,,,,,,,,
4034,4,,,Apartment,34,794.52,208655.67,,,,,,,,,,,,,,,
4036,4,,,Apartment,36,1111.72,322952.56,,,,,,,,,,,,,,,
4039,4,,,Apartment,39,785.48,216826,,,,,,,,,,,,,,,
4044,4,,,Apartment,44,1058.25,298730.4,,,,,,,,,,,,,,,
4046,4,,,Apartment,46,791.72,230495.01,,,,,,,,,,,,,,,
4048,4,,,Apartment,48,1068.58,346048.04,,,,,,,,,,,,,,,
4049,4,,,Apartment,49,1325.31,377043.6,,,,,,,,,,,,,,,
5002,5,,,Apartment,2,1273.88,413761.71,,,,,,,,,,,,,,,
5003,5,,,Apartment,3,798.5,212644.39,,,,,,,,,,,,,,,
5004,5,,,Apartment,4,798.5,250415.38,,,,,,,,,,,,,,,
5005,5,,,Apartment,5,798.5,219252.89,,,,,,,,,,,,,,,
5006,5,,,Apartment,6,1058.25,264011.7,,,,,,,,,,,,,,,
5007,5,,,Apartment,7,618.16,211406.87,,,,,,,,,,,,,,,
5008,5,,,Apartment,8,1273.88,396330.29,,,,,,,,,,,,,,,
5009,5,,,Apartment,9,798.5,227072.88,,,,,,,,,,,,,,,
5010,5,,,Apartment,10,798.5,276323.87,,,,,,,,,,,,,,,
5011,5,,,Apartment,11,798.5,230943.38,,,,,,,,,,,,,,,
5012,5,,,Apartment,12,1058.25,315382.11,,,,,,,,,,,,,,,
5014,5,,,Apartment,14,1273.55,372016.56,,,,,,,,,,,,,,,
5015,5,,,Apartment,15,798.5,237680.88,,,,,,,,,,,,,,,
5016,5,,,Apartment,16,798.5,234032.88,,,,,,,,,,,,,,,
5017,5,,,Apartment,17,798.28,273165.58,,,,,,,,,,,,,,,
5018,5,,,Apartment,18,1057.92,271227.49,,,,,,,,,,,,,,,
5020,5,,,Apartment,20,1273.55,349865.22,,,,,,,,,,,,,,,
5025,5,,,Apartment,25,618.16,199730.73,,,,,,,,,,,,,,,
5026,5,,,Apartment,26,1273.55,338482.45,,,,,,,,,,,,,,,
5030,5,,,Apartment,30,1057.92,351304.58,,,,,,,,,,,,,,,
5032,5,,,Apartment,32,1273.55,338472.13,,,,,,,,,,,,,,,
5034,5,,,Apartment,34,798.28,212916.36,,,,,,,,,,,,,,,
5036,5,,,Apartment,36,1057.92,308660.8,,,,,,,,,,,,,,,
5037,5,,,Apartment,37,606.33,147343.69,,,,,,,,,,,,,,,
5038,5,,,Apartment,38,1273.55,448574.67,,,,,,,,,,,,,,,
5041,5,,,Apartment,41,798.28,255337.9,,,,,,,,,,,,,,,
5043,5,,,Apartment,43,598.58,175773.59,,,,,,,,,,,,,,,
5044,5,,,Apartment,44,1238.58,322610.74,,,,,,,,,,,,,,,
5047,5,,,Apartment,47,794.52,279191.26,,,,,,,,,,,,,,,
5048,5,,,Apartment,48,1013.27,287996.53,,,,,,,,,,,,,,,
5050,5,,,Apartment,50,1074.71,365868.78,,,,,,,,,,,,,,,
5051,5,,,Apartment,51,789.25,199216.4,,,,,,,,,,,,,,,
